departamentoNombre,categoriaNombre,subcategoriaNombre,nombre,descripcion,precioOriginal,precioOferta,precioFinal,url
VARIOS,Accesorios para baños,Accesorios para baños,Jabonera (Modelo 3),Jabonera plástica en oferta,40.0,32.0,32.0,https://casaniky.uy/producto/jabonera-3/
VARIOS,Accesorios para baños,Accesorios para baños,Jabonera (Modelo 2),Jabonera plástica en oferta,40.0,32.0,32.0,https://casaniky.uy/producto/jabonera-2/
VARIOS,Alfombras,Alfombras,Alfombra de baño/living,Alfombra absorbente en oferta,100.0,50.0,50.0,https://casaniky.uy/producto/alfombras-2/
MUJER,Ropa Interior Dama,Apliques,SOSTÉN SILICONA,Sostén invisible adhesivo de silicona,180.0,,180.0,https://casaniky.uy/producto/sosten-silicona/
MUJER,Ropa Interior Dama,Apliques,PEZONERA SILICONA,Pezoneras adhesivas de silicona,420.0,,420.0,https://casaniky.uy/producto/pezonera-silicona/
MUJER,Ropa Interior Dama,Apliques,FAJA,Faja modeladora de dama,240.0,,240.0,https://casaniky.uy/producto/faja-2/
MUJER,Blusas dama,Blusas dama,Blusa dama de algodón manga larga,Blusa clásica de algodón manga larga,200.0,150.0,150.0,https://casaniky.uy/producto/blusa-dama-de-algodon-manga-larga-14/
MUJER,Blusas dama,Blusas dama,Polera Dama,Polera de cuello alto dama,290.0,190.0,190.0,https://casaniky.uy/producto/polera-dama17/
VARIOS,Bufandas,Bufandas,Bufanda clásica,Bufandas de abrigo surtidas,120.0,80.0,80.0,https://casaniky.uy/producto/bufandas-2/
MUJER,Calzado Dama,calzado dama deportivo,Bota lona Dama con Plataforma Negras,Bota de lona con plataforma alta negra,490.0,,490.0,https://casaniky.uy/producto/bota-lona-dama-con-plataforma-negras/
MUJER,Calzado Dama,calzado dama deportivo,Bota lona Dama con Plataforma Blancas,Bota de lona con plataforma alta blanca,490.0,,490.0,https://casaniky.uy/producto/bota-lona-dama-con-plataforma-blancas/
MUJER,Calzado Dama,calzado dama deportivo,Champion de Dama (Modelo 11),Champión deportivo de dama urbano,450.0,,450.0,https://casaniky.uy/producto/champion-de-dama-11/
MUJER,Calzado Dama,calzado dama deportivo,Champion de Dama (Modelo 8),Champión deportivo de dama urbano,490.0,,490.0,https://casaniky.uy/producto/champion-de-dama-8/
MUJER,Calzado Dama,calzado dama deportivo,Champion de Dama (Modelo 5),Champión deportivo de dama urbano,450.0,,450.0,https://casaniky.uy/producto/champion-de-dama-5/
MUJER,Calzado Dama,calzado dama deportivo,Champion lona Dama con Plataforma surtidos,Champion lona con plataforma colores surtidos,460.0,,460.0,https://casaniky.uy/producto/champion-lona-dama-con-plataforma-surtidos/
HOMBRE,Calzado hombre,Champión fútbol adulto,Champion fútbol adulto (Modelo 6),Fútbol 5/césped sintético,650.0,,650.0,https://casaniky.uy/producto/champion-futbol-adulto-6/
HOMBRE,Calzado hombre,Champión fútbol adulto,Champion fútbol adulto (Modelo 5),Fútbol 5/césped sintético,690.0,,690.0,https://casaniky.uy/producto/champion-futbol-adulto-5/
HOMBRE,Calzado hombre,calzado hombre urbano,Bota de lluvia hombre,Botas impermeables de PVC hombre,390.0,,390.0,https://casaniky.uy/producto/bota-de-lluvia-hombre/
MUJER,Calzas deportivas,Calzas deportivas,Calza dama levanta cola (Modelo 6),Calza deportiva levanta cola microfibra,90.0,,90.0,https://casaniky.uy/producto/calza-dama-levanta-cola-6/
MUJER,Camisetas dama,Camisetas dama,Musculosa dama (Modelo 2),Camiseta musculosa básica,100.0,70.0,70.0,https://casaniky.uy/producto/musculosa-dama-2/
MUJER,Camisetas dama,Camisetas dama,Musculosa dama morley,Camiseta musculosa tejido morley,100.0,70.0,70.0,https://casaniky.uy/producto/musculosa-dama-morley/
NINO,Camperas,Camperas de Niño,Campera inflable varón con forro,Campera inflable abrigada con forro interior,390.0,,390.0,https://casaniky.uy/producto/campera-inflable-varon-con-forro-5/
NINO,Camperas,Camperas de Niño,CHALECO NIÑO con cierre peluche,Chaleco abrigado infantil con cierre de peluche,140.0,,140.0,https://casaniky.uy/producto/chaleco-nino-con-cierre-peluche-3/
HOMBRE,Camperas hombre,Camperas Hombre,Campera hombre con Capucha Desmontable,"Campera abrigada, capucha desmontable",590.0,,590.0,https://casaniky.uy/producto/campera-hombre-con-capucha-desmontable/
NINO,Conjuntos infantiles,Conjunto nena,CONJUNTO NENA CAMPERA,Conjunto de nena con campera deportiva,450.0,,450.0,https://casaniky.uy/producto/conjunto-nena-campera-2/
NINO,Conjuntos infantiles,Conjunto nena,CONJUNTO NENA CANGURO,Conjunto de nena con buzo canguro,390.0,,390.0,https://casaniky.uy/producto/conjunto-nena-canguro-12/
NINO,Conjuntos infantiles,Conjunto nena,Conjunto de niña 44156-605,Conjunto infantil de nena estampado,490.0,390.0,390.0,https://casaniky.uy/producto/conjunto-de-nina-44156-605/
NINO,Conjuntos infantiles,Conjunto nena,Conjunto de niña con felpa,Conjunto infantil nena abrigado con felpa,420.0,390.0,390.0,https://casaniky.uy/producto/conjunto-de-nina-con-felpa-14/
NINO,Conjuntos infantiles,Conjuntos niño,CONJUNTO VARON CAMPERA,Conjunto varón con campera deportiva,450.0,,450.0,https://casaniky.uy/producto/conjunto-varon-campera-20/
MUJER,Conjuntos Dama,Conjuntos Dama,Conjunto labrado largo levanta cola,Conjunto labrado deportivo dama,190.0,,190.0,https://casaniky.uy/producto/conjunto-labrado-largo-levanta-cola-2/
MUJER,Conjuntos Dama,Conjuntos Dama,Conjunto Dama,Conjunto clásico de dama deportivo,490.0,390.0,390.0,https://casaniky.uy/producto/conjunto-dama-2/
MUJER,Conjuntos Dama,Conjuntos Dama,Conjunto Dama (Modelo 6),Conjunto dama deportivo liviano,320.0,,320.0,https://casaniky.uy/producto/conjunto-dama6/
VARIOS,Juguetes,Juguetes,Juguete didáctico,Juguetes surtidos de oferta,490.0,245.0,245.0,https://casaniky.uy/producto/juguete-17/
VARIOS,Mochilas,Mochilas,Mochila escolar/urbana (Modelo 8),Mochila básica de hombro,390.0,,390.0,https://casaniky.uy/producto/mochilas-8/
VARIOS,Mochilas,Mochilas,Mochila reforzada (Modelo 12),Mochila escolar reforzada,470.0,,470.0,https://casaniky.uy/producto/mochilas-12/
VARIOS,Mochilas,Mochilas,Mochila clásica (Oferta),Mochila con múltiples compartimentos,590.0,490.0,490.0,https://casaniky.uy/producto/mochilas-51/
VARIOS,Mochilas,Mochilas,Mochila escolar (Liquidación),Mochila escolar de liquidación,490.0,195.0,195.0,https://casaniky.uy/producto/mochilas-33/
VARIOS,Accesorios Varios,accesorios,Carrito Para Mandado Liso,Carrito de compras de tela lisa,390.0,,390.0,https://casaniky.uy/producto/carrito-para-mandado-liso/
VARIOS,Accesorios Varios,accesorios,Carrito Para Mandado Con Estampado,Carrito de compras de tela estampada,390.0,,390.0,https://casaniky.uy/producto/carrito-para-mandado-con-estampado/
VARIOS,Accesorios Varios,accesorios,Pelotas Football 5#,Pelotas de fútbol número 5 cuero sintético,150.0,,150.0,https://casaniky.uy/producto/pelotas-football-5-3/
VARIOS,Accesorios Varios,accesorios,Parches adhesivos térmicos,Parches adhesivos para planchar con vapor,2.0,,2.0,https://casaniky.uy/producto/parches-adhesivos/
VARIOS,Accesorios Varios,accesorios,Maniquí de hombre,Maniquí completo para exhibición,8500.0,,8500.0,https://casaniky.uy/producto/maniqui-de-hombre/
VARIOS,Accesorios Varios,accesorios,Maniquí de dama,Maniquí completo para exhibición,6500.0,,6500.0,https://casaniky.uy/producto/maniqui-de-dama/
VARIOS,Accesorios Varios,accesorios,Exhibidor de pelotas,Estructura metálica exhibidora de balones,2790.0,,2790.0,https://casaniky.uy/producto/exibidor-de-pelotas/
MUJER,Ropa Interior Dama,bikinis,BIKINI FAJA ALGODÓN,Bikini tiro alto faja algodón,790.0,,790.0,https://casaniky.uy/producto/bikini-faja-algodon/
MUJER,Ropa Interior Dama,bikinis,BIKINI BASIC,Bikini clásica de dos piezas,390.0,,390.0,https://casaniky.uy/producto/bikini-11/
VARIOS,Carteras,bolso de playa,Bolso de playa de red,Bolso de playa ligero en oferta,140.0,70.0,70.0,https://casaniky.uy/producto/bolso-6/
VARIOS,Carteras,bolso de playa,Bolso playa,Bolso de playa clásico,200.0,,200.0,https://casaniky.uy/producto/bolso-playa-8/
VARIOS,Carteras,bolso de playa,Bolso playa set 3 piezas,Set de bolsos de playa de 3 piezas,490.0,290.0,290.0,https://casaniky.uy/producto/bolso-playa-set-3-piezas-2/
MUJER,Ropa Interior Dama,bombachas señora,BOMBACHA SRA. MICRO ESPECIAL,Bombacha de señora microfibra tiro alto,670.0,,670.0,https://casaniky.uy/producto/bombacha-sra-micro-especial/
MUJER,Ropa Interior Dama,bombachas señora,BOMBACHA SEÑORA,Bombacha de señora clásica,620.0,,620.0,https://casaniky.uy/producto/bombacha-senora/
MUJER,Calzado Dama,botas dama,Bota de dama,Bota de dama abrigo de invierno,990.0,790.0,790.0,https://casaniky.uy/producto/bota-de-dama-2/
HOMBRE,Calzado hombre,calzado hombre deportivo,Champion lona hombre con Plataforma,Champion de lona de caballero con plataforma,480.0,,480.0,https://casaniky.uy/producto/champion-lona-hombre-con-plataforma-2/
HOMBRE,Calzado hombre,calzado hombre deportivo,CHAMPION DE HOMBRE (Modelo 27),Champión deportivo básico hombre,490.0,,490.0,https://casaniky.uy/producto/champion-de-hombre-27/
HOMBRE,Calzado hombre,calzado hombre deportivo,CHAMPION DE HOMBRE (Modelo 7),Champión deportivo reforzado caballero,590.0,,590.0,https://casaniky.uy/producto/champion-de-hombre-7/
HOMBRE,Calzado hombre,calzado hombre deportivo,CHAMPION DE HOMBRE (Modelo 16),Champión deportivo clásico caballero,550.0,,550.0,https://casaniky.uy/producto/champion-de-hombre-16/
NINO,Calzado infantil,calzado infantil deportivo,BOTA LONA NIÑO CON PLATAFORMA,Bota de lona infantil con plataforma,420.0,,420.0,https://casaniky.uy/producto/bota-lona-nino-con-plataforma-2/
NINO,Calzado infantil,calzado infantil deportivo,Calzado Infantil deportivo (Modelo 32),Zapatilla deportiva para niños,380.0,,380.0,https://casaniky.uy/producto/calzado-infantil-32/
NINO,Calzado infantil,champión fútbol infantil,Champion de niños de fútbol 5,Zapatilla de fútbol sala/fútbol 5 infantil,550.0,,550.0,https://casaniky.uy/producto/champion-de-ninos-de-futbol-5/
NINO,Calzado infantil,champión fútbol infantil,Champion fútbol 5,Champion fútbol sala infantil,490.0,,490.0,https://casaniky.uy/producto/champion-futbol-5/
NINO,Calzado infantil,champión fútbol infantil,Champion de niño de fútbol,Champion para fútbol de niño reforzado,650.0,,650.0,https://casaniky.uy/producto/champion-de-nino-de-futbol/
VARIOS,Goma Eva,chanclas,Sandalias de Hombre,Sandalias ligeras de goma eva hombre,100.0,,100.0,https://casaniky.uy/producto/sandalias-de-hombre-2/
VARIOS,Goma Eva,chanclas,Sandalias de Dama,Sandalias de goma eva dama de oferta,120.0,100.0,100.0,https://casaniky.uy/producto/sandalias-de-dama/
VARIOS,Goma Eva,chanclas,Sandalias de Dama (Modelo 4),Sandalias de dama clásicas de goma,120.0,,120.0,https://casaniky.uy/producto/sandalias-de-dama-4/
VARIOS,Goma Eva,chanclas,SANDALIAS DE DAMA CAJA DE 60,Venta por caja cerrada de 60 unidades,100.0,,100.0,https://casaniky.uy/producto/sandalias-de-dama-caja-de-60/
VARIOS,Goma Eva,chanclas,chancletas de Niña CAJA 90 UNIDADES,Caja de chancletas de niña x 90 unidades,160.0,,160.0,https://casaniky.uy/producto/sandalias-de-nina-caja-90-unidades-7/
VARIOS,Goma Eva,chanclas,CHANCLETAS DE DAMA CAJA DE 48,Caja de chancletas de dama x 48 unidades,100.0,,100.0,https://casaniky.uy/producto/sandalias-de-dama-caja-de-48-4/
VARIOS,Goma Eva,chanclas,Chanclas básicas,Chanclas clásicas de goma eva,100.0,,100.0,https://casaniky.uy/producto/chanclas-10/
MUJER,Ropa Interior Dama,colaless,COLALES DAMA,Colaless básica de dama algodón,390.0,,390.0,https://casaniky.uy/producto/colales-dama-9/
MUJER,Ropa Interior Dama,colaless,COLALES SIN COSTURA,Colaless invisible sin costura microfibra,520.0,,520.0,https://casaniky.uy/producto/colales-sin-costura-2/
MUJER,Ropa Interior Dama,colaless,COLALES,Colaless clásica colores surtidos,470.0,,470.0,https://casaniky.uy/producto/colales-5/
MUJER,Ropa Interior Dama,colaless,COLALES ENCAJE,Colaless de encaje elástico fino,830.0,,830.0,https://casaniky.uy/producto/colales-encaje/
MUJER,Ropa Interior Dama,conjuntos,CONJUNTO DAMA,Conjunto de lencería de dama clásica,1890.0,,1890.0,https://casaniky.uy/producto/conjunto-dama-14/
MUJER,Ropa Interior Dama,conjuntos,CONJUNTO DAMA BIKINI/CON BROCHE,Conjunto con broche de algodón/lycra,2300.0,,2300.0,https://casaniky.uy/producto/conjunto-dama-bikini-con-broche/
MUJER,Ropa Interior Dama,conjuntos,Conjunto de algodón,Conjunto de dama algodón elástico,1950.0,,1950.0,https://casaniky.uy/producto/conjunto-4/
MUJER,Ropa Interior Dama,conjuntos,Conjunto colaless,Conjunto con bombacha tipo colaless,1950.0,,1950.0,https://casaniky.uy/producto/conjunto-colaless-4/
VARIOS,Gorros,gorro verano,Gorro verano (Modelo 2),Gorro de verano de ala ancha en oferta,120.0,100.0,100.0,https://casaniky.uy/producto/gorro-verano-2/
VARIOS,Gorros,gorro verano,Gorro verano clásico,Gorro para el sol en oferta,200.0,140.0,140.0,https://casaniky.uy/producto/gorro-verano/
VARIOS,Gorros,gorro visera,Gorros adultos,Gorro con visera ajustable,90.0,50.0,50.0,https://casaniky.uy/producto/gorros-15/
MUJER,Ropa Interior Dama,lenceria,Media Silicona,Medias de silicona auto-adherente en oferta,790.0,490.0,490.0,https://casaniky.uy/producto/media-silicona-2/
MUJER,Ropa Interior Dama,lenceria,Conjunto sexy,Conjunto de lencería erótica fina,450.0,,450.0,https://casaniky.uy/producto/conjunto-sexy-2/
MUJER,Ropa Interior Dama,lenceria,Media red,Medias de red en oferta,790.0,490.0,490.0,https://casaniky.uy/producto/media-red/
VARIOS,Accesorios Varios,mates y termos,Mate,Mate clásico forrado de oferta,190.0,140.0,140.0,https://casaniky.uy/producto/mate-3/
VARIOS,Medias,medias can can,CAN-CAN DAMA CON PELUCHE,Medias can-can de dama abrigadas con peluche,180.0,,180.0,https://casaniky.uy/producto/can-can-dama-con-peluche-2/
VARIOS,Medias,medias can can,PANTY NIÑO,Panty infantil de abrigo,100.0,,100.0,https://casaniky.uy/producto/panty-nino/
VARIOS,Medias,medias can can,CAN CAN NIÑA con frisa,Can-can infantil abrigada con frisa,920.0,,920.0,https://casaniky.uy/producto/can-can-nina-con-frisa/
VARIOS,Medias,medias can can,CAN CAN NIÑA,Can-can infantil clásica de nena,720.0,,720.0,https://casaniky.uy/producto/can-can-nina-2/
MUJER,Ropa Interior Dama,pantaletas,BOXER DAMA MICRO,Bóxer de dama de microfibra,490.0,,490.0,https://casaniky.uy/producto/boxer-dama-micro/
MUJER,Ropa Interior Dama,pantaletas,PANTALETA ENCAJE,Pantaleta de dama de encaje elástico,400.0,,400.0,https://casaniky.uy/producto/pantaleta-encaje/
NINO,Pantalones infantiles,pantalones nena,BABUCHA NENA,Pantalón de nena tipo babucha algodón,200.0,,200.0,https://casaniky.uy/producto/babucha-nena/
NINO,Pantalones infantiles,pantalones nena,Babucha de Nena,Pantalón babucha infantil clásico nena,180.0,,180.0,https://casaniky.uy/producto/babucha-de-nena-2/
NINO,Pantalones infantiles,pantalones nena,Jeans de nena (Modelo 4),Pantalón de jean elástico para niña,390.0,350.0,350.0,https://casaniky.uy/producto/jeans-de-nena-4/
NINO,Pantalones infantiles,pantalones nena,Jeans de nena (Modelo 3),Pantalón de jean clásico niña,390.0,,390.0,https://casaniky.uy/producto/jeans-de-nena-3/
NINO,Pantalones infantiles,pantalones varon,Jeans de varon,Pantalón de jean de niño,350.0,,350.0,https://casaniky.uy/producto/jeans-de-varon-3/
NINO,Pantalones infantiles,pantalones varon,Jeans de varon (Oferta),Pantalón de jean infantil en oferta,390.0,350.0,350.0,https://casaniky.uy/producto/jeans-de-varon/
NINO,Ropa interior infantil,ropa interior nena,SOSTEN NIÑA MICRO,Sostén infantil microfibra,300.0,,300.0,https://casaniky.uy/producto/sosten-nina-micro/
NINO,Ropa interior infantil,ropa interior nena,CONJUNTO NIÑA MICRO,Conjunto interior niña de microfibra,1050.0,,1050.0,https://casaniky.uy/producto/conjunto-nina-micro/
NINO,Ropa interior infantil,ropa interior nena,CONJUNTO NIÑA ALG.,Conjunto interior niña algodón antialérgico,1190.0,,1190.0,https://casaniky.uy/producto/conjunto-nina-alg/
NINO,Ropa interior infantil,ropa interior nena,BOMBACHA NIÑA MICRO,Bombacha infantil microfibra,390.0,,390.0,https://casaniky.uy/producto/bombacha-nina-micro/
NINO,Ropa interior infantil,ropa interior nena,CONJUNTO NIÑA,Conjunto interior nena clásico,1190.0,,1190.0,https://casaniky.uy/producto/conjunto-nina/
NINO,Ropa interior infantil,ropa interior nena,CONJUNTO NENA,Conjunto nena clásico algodón,1100.0,,1100.0,https://casaniky.uy/producto/conjunto-nena/
NINO,Ropa interior infantil,ropa interior varon,BOXER NIÑO MICRO,Bóxer de niño microfibra,370.0,,370.0,https://casaniky.uy/producto/boxer-nino-micro/
NINO,Ropa interior infantil,ropa interior varon,BOXER NIÑO ALG.,Bóxer de niño algodón elástico,380.0,,380.0,https://casaniky.uy/producto/boxer-nino-alg/
VARIOS,Goma Eva,sandalias,Sueco de Dama CAJA 48 UNIDADES,Zapatos tipo sueco dama caja x 48 unidades,160.0,,160.0,https://casaniky.uy/producto/sueco-de-dama-caja-48-unidades/
VARIOS,Goma Eva,sandalias,Sandalia de Niños,Sandalia de niño clásica de playa,140.0,,140.0,https://casaniky.uy/producto/sandalia-de-ninos-20/
VARIOS,Goma Eva,sandalias,Sandalias básicas,Sandalias cómodas de descanso,170.0,,170.0,https://casaniky.uy/producto/sandalias-10/
VARIOS,Goma Eva,sandalias,Sandalias básicas (Modelo 9),Sandalias de descanso,150.0,,150.0,https://casaniky.uy/producto/sandalias-9/
MUJER,Ropa Interior Dama,sostenes,SOSTEN ARMADO,Sostén con taza armada y aro,1390.0,,1390.0,https://casaniky.uy/producto/sosten-armado-18/
MUJER,Ropa Interior Dama,sostenes,SOSTEN ARMADO (Modelo 19),Sostén clásico taza armada,1300.0,,1300.0,https://casaniky.uy/producto/sosten-armado-19/
MUJER,Ropa Interior Dama,sostenes,SOSTEN MICRO,Sostén deportivo de microfibra,750.0,,750.0,https://casaniky.uy/producto/sosten-micro-9/
MUJER,Ropa Interior Dama,sostenes,SOSTEN ARMADO (Modelo 9),Sostén taza armada encaje,1490.0,,1490.0,https://casaniky.uy/producto/sosten-armado-9/
MUJER,Ropa Interior Dama,sostenes,SOSTEN SRA,Sostén clásico de señora algodón sin arco,950.0,,950.0,https://casaniky.uy/producto/sosten-sra-4/
MUJER,Ropa Interior Dama,sostenes,Sosten sin aro,Sostén cómodo sin arco,950.0,,950.0,https://casaniky.uy/producto/sosten-3/